-- =====================================================
-- ОБНОВЛЕННЫЕ ТЕСТОВЫЕ ДАННЫЕ ДЛЯ СИСТЕМЫ "ВИТРИНА СТУДЕНЧЕСКИХ ПРОЕКТОВ"
-- =====================================================
-- Просто выполните этот файл в вашей СУБД после создания таблиц
-- Обновлено: 21.10.2025

-- ПОЛЬЗОВАТЕЛИ
INSERT INTO users (id, name, email, email_verified_at, password, role, institute, course, `group`, bio, avatar, remember_token, created_at, updated_at) VALUES
(1, 'Администратор', 'admin@sevgu.ru', '2024-01-01 00:00:00', '$2y$10$92IXUNpkjO0rOQ5byMi.Ye4oKoEa3Ro9llC/.og/at2.uheWG/igi', 'admin', 'ИИТУТ', 4, 'ИС-20-1', 'Системный администратор платформы', NULL, NULL, '2024-01-01 00:00:00', '2024-01-01 00:00:00'),
(2, 'Иван Петров', 'ivan.petrov@student.sevgu.ru', '2024-01-01 00:00:00', '$2y$10$92IXUNpkjO0rOQ5byMi.Ye4oKoEa3Ro9llC/.og/at2.uheWG/igi', 'user', 'ИИТУТ', 3, 'ИС-21-1', 'Студент 3 курса, увлекаюсь веб-разработкой', NULL, NULL, '2024-01-01 00:00:00', '2024-01-01 00:00:00'),
(3, 'Мария Сидорова', 'maria.sidorova@student.sevgu.ru', '2024-01-01 00:00:00', '$2y$10$92IXUNpkjO0rOQ5byMi.Ye4oKoEa3Ro9llC/.og/at2.uheWG/igi', 'user', 'ИИТУТ', 2, 'ИС-22-1', 'Студентка 2 курса, изучаю мобильную разработку', NULL, NULL, '2024-01-01 00:00:00', '2024-01-01 00:00:00'),
(4, 'Алексей Козлов', 'alexey.kozlov@student.sevgu.ru', '2024-01-01 00:00:00', '$2y$10$92IXUNpkjO0rOQ5byMi.Ye4oKoEa3Ro9llC/.og/at2.uheWG/igi', 'user', 'ИМО', 4, 'ПИ-20-1', 'Студент 4 курса, специализируюсь на ИИ', NULL, NULL, '2024-01-01 00:00:00', '2024-01-01 00:00:00'),
(5, 'Елена Волкова', 'elena.volkova@student.sevgu.ru', '2024-01-01 00:00:00', '$2y$10$92IXUNpkjO0rOQ5byMi.Ye4oKoEa3Ro9llC/.og/at2.uheWG/igi', 'user', 'ИППИ', 3, 'ПИ-21-1', 'Студентка 3 курса, интересуюсь кибербезопасностью', NULL, NULL, '2024-01-01 00:00:00', '2024-01-01 00:00:00'),
(6, 'Дмитрий Новиков', 'dmitry.novikov@student.sevgu.ru', '2024-01-01 00:00:00', '$2y$10$92IXUNpkjO0rOQ5byMi.Ye4oKoEa3Ro9llC/.og/at2.uheWG/igi', 'user', 'ИЭиУ', 2, 'ЭК-22-1', 'Студент 2 курса, изучаю экономическую информатику', NULL, NULL, '2024-01-01 00:00:00', '2024-01-01 00:00:00'),
(7, 'Анна Смирнова', 'anna.smirnova@student.sevgu.ru', '2024-01-01 00:00:00', '$2y$10$92IXUNpkjO0rOQ5byMi.Ye4oKoEa3Ro9llC/.og/at2.uheWG/igi', 'user', 'ИИТУТ', 1, 'ИС-23-1', 'Студентка 1 курса, изучаю основы программирования', NULL, NULL, '2024-01-01 00:00:00', '2024-01-01 00:00:00'),
(8, 'Максим Лебедев', 'maxim.lebedev@student.sevgu.ru', '2024-01-01 00:00:00', '$2y$10$92IXUNpkjO0rOQ5byMi.Ye4oKoEa3Ro9llC/.og/at2.uheWG/igi', 'user', 'ИМО', 3, 'ПИ-21-2', 'Студент 3 курса, увлекаюсь машинным обучением', NULL, NULL, '2024-01-01 00:00:00', '2024-01-01 00:00:00'),
(9, 'test test', 'test@test.ru', '2024-01-01 00:00:00', '$2y$10$92IXUNpkjO0rOQ5byMi.Ye4oKoEa3Ro9llC/.og/at2.uheWG/igi', 'user', 'ИИТУТ', 3, 'ИС-21-1', 'Тестовый пользователь', NULL, NULL, '2024-01-01 00:00:00', '2024-01-01 00:00:00'),
(10, 'Ольга Морозова', 'olga.morozova@student.sevgu.ru', '2024-01-01 00:00:00', '$2y$10$92IXUNpkjO0rOQ5byMi.Ye4oKoEa3Ro9llC/.og/at2.uheWG/igi', 'user', 'ИППИ', 2, 'ПИ-22-1', 'Студентка 2 курса, изучаю веб-дизайн', NULL, NULL, '2024-01-01 00:00:00', '2024-01-01 00:00:00'),
(11, 'Сергей Федоров', 'sergey.fedorov@student.sevgu.ru', '2024-01-01 00:00:00', '$2y$10$92IXUNpkjO0rOQ5byMi.Ye4oKoEa3Ro9llC/.og/at2.uheWG/igi', 'user', 'ИЭиУ', 4, 'ЭК-20-1', 'Студент 4 курса, специализируюсь на анализе данных', NULL, NULL, '2024-01-01 00:00:00', '2024-01-01 00:00:00');

-- ТЕГИ
INSERT INTO tags (id, name, created_at, updated_at) VALUES
(1, 'Веб-разработка', '2024-01-01 00:00:00', '2024-01-01 00:00:00'),
(2, 'Мобильная разработка', '2024-01-01 00:00:00', '2024-01-01 00:00:00'),
(3, 'ИИ и машинное обучение', '2024-01-01 00:00:00', '2024-01-01 00:00:00'),
(4, 'Игровая разработка', '2024-01-01 00:00:00', '2024-01-01 00:00:00'),
(5, 'Базы данных', '2024-01-01 00:00:00', '2024-01-01 00:00:00'),
(6, 'Кибербезопасность', '2024-01-01 00:00:00', '2024-01-01 00:00:00'),
(7, 'IoT', '2024-01-01 00:00:00', '2024-01-01 00:00:00'),
(8, 'Блокчейн', '2024-01-01 00:00:00', '2024-01-01 00:00:00'),
(9, 'Анализ данных', '2024-01-01 00:00:00', '2024-01-01 00:00:00'),
(10, 'DevOps', '2024-01-01 00:00:00', '2024-01-01 00:00:00'),
(11, 'Дизайн', '2024-01-01 00:00:00', '2024-01-01 00:00:00');

-- ТЕХНОЛОГИИ
INSERT INTO technologies (id, name, created_at, updated_at) VALUES
(1, 'React', '2024-01-01 00:00:00', '2024-01-01 00:00:00'),
(2, 'Vue.js', '2024-01-01 00:00:00', '2024-01-01 00:00:00'),
(3, 'Angular', '2024-01-01 00:00:00', '2024-01-01 00:00:00'),
(4, 'HTML/CSS', '2024-01-01 00:00:00', '2024-01-01 00:00:00'),
(5, 'JavaScript', '2024-01-01 00:00:00', '2024-01-01 00:00:00'),
(6, 'TypeScript', '2024-01-01 00:00:00', '2024-01-01 00:00:00'),
(7, 'PHP', '2024-01-01 00:00:00', '2024-01-01 00:00:00'),
(8, 'Laravel', '2024-01-01 00:00:00', '2024-01-01 00:00:00'),
(9, 'Node.js', '2024-01-01 00:00:00', '2024-01-01 00:00:00'),
(10, 'Python', '2024-01-01 00:00:00', '2024-01-01 00:00:00'),
(11, 'Django', '2024-01-01 00:00:00', '2024-01-01 00:00:00'),
(12, 'Express.js', '2024-01-01 00:00:00', '2024-01-01 00:00:00'),
(13, 'MySQL', '2024-01-01 00:00:00', '2024-01-01 00:00:00'),
(14, 'PostgreSQL', '2024-01-01 00:00:00', '2024-01-01 00:00:00'),
(15, 'MongoDB', '2024-01-01 00:00:00', '2024-01-01 00:00:00'),
(16, 'Redis', '2024-01-01 00:00:00', '2024-01-01 00:00:00'),
(17, 'React Native', '2024-01-01 00:00:00', '2024-01-01 00:00:00'),
(18, 'Flutter', '2024-01-01 00:00:00', '2024-01-01 00:00:00'),
(19, 'Swift', '2024-01-01 00:00:00', '2024-01-01 00:00:00'),
(20, 'Kotlin', '2024-01-01 00:00:00', '2024-01-01 00:00:00'),
(21, 'Docker', '2024-01-01 00:00:00', '2024-01-01 00:00:00'),
(22, 'Kubernetes', '2024-01-01 00:00:00', '2024-01-01 00:00:00'),
(23, 'AWS', '2024-01-01 00:00:00', '2024-01-01 00:00:00'),
(24, 'Git', '2024-01-01 00:00:00', '2024-01-01 00:00:00');

-- КОМАНДЫ (обновленные с учетом текущей структуры)
INSERT INTO teams (id, name, description, status, max_members, leader_id, is_team_formation_closed, team_creation_deadline, team_formation_deadline, created_at, updated_at) VALUES
(1, 'test', 'Тестовая команда для разработки', 'recruiting', 5, 9, 0, '2024-12-31 23:59:59', '2024-12-31 23:59:59', '2024-01-01 00:00:00', '2024-01-01 00:00:00'),
(2, 'admin', 'Административная команда', 'active', 10, 1, 0, '2024-12-31 23:59:59', '2024-12-31 23:59:59', '2024-01-01 00:00:00', '2024-01-01 00:00:00'),
(3, 'Дизайн', 'Команда дизайнеров и UI/UX специалистов', 'recruiting', 7, 9, 0, '2024-12-31 23:59:59', '2024-12-31 23:59:59', '2024-01-01 00:00:00', '2024-01-01 00:00:00'),
(4, 'WebDev Masters', 'Команда веб-разработчиков, специализирующаяся на современных технологиях', 'recruiting', 5, 2, 0, '2024-12-31 23:59:59', '2024-12-31 23:59:59', '2024-01-01 00:00:00', '2024-01-01 00:00:00'),
(5, 'AI Innovators', 'Команда исследователей в области искусственного интеллекта', 'active', 4, 4, 0, '2024-12-31 23:59:59', '2024-12-31 23:59:59', '2024-01-01 00:00:00', '2024-01-01 00:00:00');

-- УЧАСТНИКИ КОМАНД (обновленная структура с application_status)
INSERT INTO team_user (team_id, user_id, role, application_status, applied_at, approved_at, joined_at, created_at, updated_at) VALUES
-- Команда "test" (ID: 1)
(1, 9, 'leader', 'approved', '2024-01-01 00:00:00', '2024-01-01 00:00:00', '2024-01-01 00:00:00', '2024-01-01 00:00:00', '2024-01-01 00:00:00'),

-- Команда "admin" (ID: 2) - Администратор как лидер
(2, 1, 'leader', 'approved', '2024-01-01 00:00:00', '2024-01-01 00:00:00', '2024-01-01 00:00:00', '2024-01-01 00:00:00', '2024-01-01 00:00:00'),

-- Команда "Дизайн" (ID: 3)
(3, 9, 'leader', 'approved', '2024-01-01 00:00:00', '2024-01-01 00:00:00', '2024-01-01 00:00:00', '2024-01-01 00:00:00', '2024-01-01 00:00:00'),
(3, 1, 'member', 'approved', '2025-10-21 13:26:12', '2025-10-21 13:47:25', '2025-10-21 13:47:25', '2025-10-21 13:47:25', '2025-10-21 13:47:25'),

-- Команда "WebDev Masters" (ID: 4)
(4, 2, 'leader', 'approved', '2024-01-01 00:00:00', '2024-01-01 00:00:00', '2024-01-01 00:00:00', '2024-01-01 00:00:00', '2024-01-01 00:00:00'),
(4, 7, 'member', 'approved', '2024-01-15 00:00:00', '2024-01-15 00:00:00', '2024-01-15 00:00:00', '2024-01-15 00:00:00', '2024-01-15 00:00:00'),

-- Команда "AI Innovators" (ID: 5)
(5, 4, 'leader', 'approved', '2024-01-01 00:00:00', '2024-01-01 00:00:00', '2024-01-01 00:00:00', '2024-01-01 00:00:00', '2024-01-01 00:00:00'),
(5, 8, 'member', 'approved', '2024-01-10 00:00:00', '2024-01-10 00:00:00', '2024-01-10 00:00:00', '2024-01-10 00:00:00', '2024-01-10 00:00:00');

-- СВЯЗИ КОМАНД С ТЕГАМИ
INSERT INTO team_tag (team_id, tag_id, created_at, updated_at) VALUES
(1, 1, '2024-01-01 00:00:00', '2024-01-01 00:00:00'),
(1, 5, '2024-01-01 00:00:00', '2024-01-01 00:00:00'),
(3, 11, '2024-01-01 00:00:00', '2024-01-01 00:00:00'),
(4, 1, '2024-01-01 00:00:00', '2024-01-01 00:00:00'),
(4, 5, '2024-01-01 00:00:00', '2024-01-01 00:00:00'),
(5, 3, '2024-01-01 00:00:00', '2024-01-01 00:00:00'),
(5, 9, '2024-01-01 00:00:00', '2024-01-01 00:00:00');

-- ЗАЯВКИ НА ВСТУПЛЕНИЕ В КОМАНДЫ
INSERT INTO team_applications (id, team_id, user_id, message, status, applied_at, reviewed_at, reviewed_by, created_at, updated_at) VALUES
(1, 3, 1, 'Хочу присоединиться к команде дизайнеров', 'approved', '2025-10-21 13:26:12', '2025-10-21 13:47:25', 9, '2025-10-21 13:26:12', '2025-10-21 13:47:25'),
(2, 1, 1, 'Заявка в тестовую команду', 'withdrawn', '2025-10-21 13:32:59', NULL, NULL, '2025-10-21 13:32:59', '2025-10-21 13:32:59');

-- ПРОЕКТЫ (обновленные с учетом новой структуры)
INSERT INTO projects (id, title, description, short_description, status, type, category, image, gallery, demo_url, github_url, created_by, project_deadline, team_join_deadline, user_join_deadline, started_at, completed_at, completion_file, created_at, updated_at) VALUES
(1, 'MySQL', 'Проект по работе с базой данных MySQL', 'MySQL проект', 'active', 'Веб-приложение', 'База данных', NULL, NULL, 'https://mysql.example.com', 'https://github.com/example/mysql', 9, '2024-12-31 23:59:59', '2024-12-31 23:59:59', '2024-12-31 23:59:59', '2024-01-15 00:00:00', NULL, NULL, '2024-01-15 00:00:00', '2024-01-15 00:00:00'),
(2, 'Vue.js', 'Проект на Vue.js фреймворке', 'Vue.js проект', 'active', 'Веб-приложение', 'Frontend', NULL, NULL, 'https://vue.example.com', 'https://github.com/example/vue', 9, '2024-12-31 23:59:59', '2024-12-31 23:59:59', '2024-12-31 23:59:59', '2024-02-01 00:00:00', NULL, NULL, '2024-02-01 00:00:00', '2024-02-01 00:00:00'),
(3, 'Система управления студенческими проектами', 'Веб-приложение для управления и отслеживания студенческих проектов в университете', 'Веб-приложение для управления студенческими проектами', 'active', 'Веб-приложение', 'Управление', NULL, NULL, 'https://demo.example.com', 'https://github.com/example/project-management', 2, '2024-12-31 23:59:59', '2024-12-31 23:59:59', '2024-12-31 23:59:59', '2024-01-15 00:00:00', NULL, NULL, '2024-01-15 00:00:00', '2024-01-15 00:00:00'),
(4, 'Мобильное приложение для изучения языков', 'Интерактивное мобильное приложение для изучения иностранных языков', 'Мобильное приложение с ИИ для изучения языков', 'active', 'Мобильное приложение', 'Образование', NULL, NULL, 'https://app.example.com', 'https://github.com/example/language-app', 4, '2024-12-31 23:59:59', '2024-12-31 23:59:59', '2024-12-31 23:59:59', '2024-02-01 00:00:00', NULL, NULL, '2024-02-01 00:00:00', '2024-02-01 00:00:00'),
(5, 'Система мониторинга IoT устройств', 'Комплексная система для мониторинга и управления IoT устройствами', 'Система мониторинга IoT устройств', 'completed', 'IoT система', 'IoT', NULL, NULL, 'https://iot.example.com', 'https://github.com/example/iot-monitoring', 3, '2024-03-15 23:59:59', '2024-03-15 23:59:59', '2024-03-15 23:59:59', '2024-01-10 00:00:00', '2024-03-15 00:00:00', 'completion_report_iot.pdf', '2024-01-10 00:00:00', '2024-03-15 00:00:00');

-- СВЯЗИ ПРОЕКТОВ С КОМАНДАМИ
INSERT INTO project_team (project_id, team_id, role_description, deadline, status, joined_at, created_at, updated_at) VALUES
(1, 3, 'Разработка базы данных', '2024-12-31 23:59:59', 'active', '2024-01-15 00:00:00', '2024-01-15 00:00:00', '2024-01-15 00:00:00'),
(2, 3, 'Frontend разработка', '2024-12-31 23:59:59', 'active', '2024-02-01 00:00:00', '2024-02-01 00:00:00', '2024-02-01 00:00:00'),
(3, 4, 'Полная разработка системы', '2024-12-31 23:59:59', 'active', '2024-01-15 00:00:00', '2024-01-15 00:00:00', '2024-01-15 00:00:00'),
(4, 5, 'Мобильная разработка', '2024-12-31 23:59:59', 'active', '2024-02-01 00:00:00', '2024-02-01 00:00:00', '2024-02-01 00:00:00'),
(5, 4, 'IoT разработка', '2024-03-15 23:59:59', 'completed', '2024-01-10 00:00:00', '2024-01-10 00:00:00', '2024-03-15 00:00:00');

-- СВЯЗИ ПРОЕКТОВ С ТЕГАМИ
INSERT INTO project_tag (project_id, tag_id, created_at, updated_at) VALUES
(1, 5, '2024-01-15 00:00:00', '2024-01-15 00:00:00'),
(2, 1, '2024-02-01 00:00:00', '2024-02-01 00:00:00'),
(3, 1, '2024-01-15 00:00:00', '2024-01-15 00:00:00'),
(3, 5, '2024-01-15 00:00:00', '2024-01-15 00:00:00'),
(4, 2, '2024-02-01 00:00:00', '2024-02-01 00:00:00'),
(4, 3, '2024-02-01 00:00:00', '2024-02-01 00:00:00'),
(5, 7, '2024-01-10 00:00:00', '2024-01-10 00:00:00'),
(5, 1, '2024-01-10 00:00:00', '2024-01-10 00:00:00');

-- СВЯЗИ ПРОЕКТОВ С ТЕХНОЛОГИЯМИ
INSERT INTO project_technology (project_id, technology_id, created_at, updated_at) VALUES
(1, 13, '2024-01-15 00:00:00', '2024-01-15 00:00:00'),
(2, 2, '2024-02-01 00:00:00', '2024-02-01 00:00:00'),
(2, 5, '2024-02-01 00:00:00', '2024-02-01 00:00:00'),
(3, 8, '2024-01-15 00:00:00', '2024-01-15 00:00:00'),
(3, 7, '2024-01-15 00:00:00', '2024-01-15 00:00:00'),
(3, 13, '2024-01-15 00:00:00', '2024-01-15 00:00:00'),
(4, 17, '2024-02-01 00:00:00', '2024-02-01 00:00:00'),
(4, 10, '2024-02-01 00:00:00', '2024-02-01 00:00:00'),
(5, 9, '2024-01-10 00:00:00', '2024-01-10 00:00:00'),
(5, 1, '2024-01-10 00:00:00', '2024-01-10 00:00:00');

-- ЭТАПЫ ПРОЕКТОВ
INSERT INTO project_stages (id, project_id, name, description, status, deadline, completed_at, created_at, updated_at) VALUES
(1, 1, 'Планирование', 'Создание архитектуры базы данных', 'completed', '2024-02-01 23:59:59', '2024-01-30 00:00:00', '2024-01-15 00:00:00', '2024-01-30 00:00:00'),
(2, 1, 'Разработка', 'Создание таблиц и связей', 'in_progress', '2024-03-01 23:59:59', NULL, '2024-01-15 00:00:00', '2024-01-15 00:00:00'),
(3, 2, 'Дизайн', 'Создание UI/UX макетов', 'completed', '2024-03-01 23:59:59', '2024-02-28 00:00:00', '2024-02-01 00:00:00', '2024-02-28 00:00:00'),
(4, 2, 'Разработка', 'Создание компонентов Vue.js', 'in_progress', '2024-04-01 23:59:59', NULL, '2024-02-01 00:00:00', '2024-02-01 00:00:00');

-- АНАЛИТИКА ПРОЕКТОВ
INSERT INTO project_analytics (id, project_id, views_count, likes_count, downloads_count, created_at, updated_at) VALUES
(1, 1, 150, 25, 10, '2024-01-15 00:00:00', '2024-01-15 00:00:00'),
(2, 2, 200, 35, 15, '2024-02-01 00:00:00', '2024-02-01 00:00:00'),
(3, 3, 300, 50, 20, '2024-01-15 00:00:00', '2024-01-15 00:00:00'),
(4, 4, 180, 30, 12, '2024-02-01 00:00:00', '2024-02-01 00:00:00'),
(5, 5, 250, 40, 18, '2024-01-10 00:00:00', '2024-01-10 00:00:00');

-- ЗАДАЧИ ПРОЕКТОВ (обновленные с учетом новой структуры)
INSERT INTO tasks (id, title, description, requirements, difficulty, status, type, max_team_size, deadline, created_by, assigned_user_id, project_id, is_basic_task, `order`, created_at, updated_at) VALUES
(1, 'Набор команды', 'Сформировать команду для проекта', 'Найти участников с нужными навыками', 'easy', 'completed', 'Управление', 5, '2024-02-01 23:59:59', 9, 9, 1, 1, 1, '2024-01-15 00:00:00', '2024-01-30 00:00:00'),
(2, 'Завершение проекта', 'Завершить разработку проекта', 'Выполнить все требования проекта', 'hard', 'open', 'Разработка', 5, '2024-12-31 23:59:59', 9, NULL, 1, 1, 2, '2024-01-15 00:00:00', '2024-01-15 00:00:00'),
(3, 'Набор команды', 'Сформировать команду для проекта', 'Найти участников с нужными навыками', 'easy', 'completed', 'Управление', 4, '2024-03-01 23:59:59', 9, 9, 2, 1, 1, '2024-02-01 00:00:00', '2024-02-28 00:00:00'),
(4, 'Завершение проекта', 'Завершить разработку проекта', 'Выполнить все требования проекта', 'hard', 'open', 'Разработка', 4, '2024-12-31 23:59:59', 9, NULL, 2, 1, 2, '2024-02-01 00:00:00', '2024-02-01 00:00:00'),
(5, 'Создание API', 'Разработать RESTful API для системы', 'Laravel, PHP, MySQL, документация API', 'medium', 'in_progress', 'Backend разработка', 3, '2024-04-15 23:59:59', 2, 2, 3, 0, 0, '2024-01-15 00:00:00', '2024-01-20 00:00:00'),
(6, 'Мобильный интерфейс', 'Разработать мобильный интерфейс', 'React Native, JavaScript, UI/UX дизайн', 'hard', 'open', 'Frontend разработка', 3, '2024-05-01 23:59:59', 4, NULL, 4, 0, 0, '2024-02-01 00:00:00', '2024-02-01 00:00:00');

-- ФАЙЛЫ ЗАДАЧ
INSERT INTO task_files (id, task_id, filename, original_name, file_path, file_size, uploaded_by, created_at, updated_at) VALUES
(1, 1, 'task_completion_1_20241021.pdf', 'completion_report_1.pdf', 'task_completions/task_completion_1_20241021.pdf', 1024000, 9, '2024-01-30 00:00:00', '2024-01-30 00:00:00'),
(2, 3, 'task_completion_3_20241021.pdf', 'completion_report_3.pdf', 'task_completions/task_completion_3_20241021.pdf', 2048000, 9, '2024-02-28 00:00:00', '2024-02-28 00:00:00');

-- ВАКАНСИИ КОМАНД
INSERT INTO team_vacancy (id, team_id, position, description, requirements, status, filled_by, filled_at, created_at, updated_at) VALUES
(1, 1, 'Frontend разработчик', 'Нужен опытный frontend разработчик', 'React, JavaScript, HTML/CSS, опыт работы 1+ год', 'open', NULL, NULL, '2024-01-01 00:00:00', '2024-01-01 00:00:00'),
(2, 1, 'UI/UX дизайнер', 'Требуется дизайнер для создания макетов', 'Figma, Adobe XD, понимание принципов UX', 'open', NULL, NULL, '2024-01-01 00:00:00', '2024-01-01 00:00:00'),
(3, 3, 'Графический дизайнер', 'Нужен дизайнер для создания графики', 'Photoshop, Illustrator, креативность', 'open', NULL, NULL, '2024-01-01 00:00:00', '2024-01-01 00:00:00'),
(4, 4, 'Backend разработчик', 'Требуется backend разработчик', 'Laravel, PHP, MySQL, опыт API разработки', 'open', NULL, NULL, '2024-01-01 00:00:00', '2024-01-01 00:00:00'),
(5, 5, 'Data Scientist', 'Нужен специалист по анализу данных', 'Python, TensorFlow, опыт работы с данными', 'filled', 8, '2024-01-10 00:00:00', '2024-01-01 00:00:00', '2024-01-10 00:00:00');
